{"cameraMode":{"drawMode":0,"name":"Shaded","section":"Shading Mode"},"sceneLighting":false,"audioPlay":false,"sceneViewState":{"showFog":true,"showMaterialUpdate":true,"showSkybox":true,"showFlares":true,"showImageEffects":true,"showParticleSystems":true},"in2DMode":false,"pivot":{"x":-4.073110580444336,"y":-5.22990083694458,"z":8.622673034667969},"rotation":{"x":0.3919931948184967,"y":-0.2847985625267029,"z":0.12904757261276246,"w":0.8652169108390808},"size":13.208355903625489,"orthographic":false}