{"cameraMode":{"drawMode":0,"name":"Shaded","section":"Shading Mode"},"sceneLighting":false,"audioPlay":false,"sceneViewState":{"showFog":false,"showMaterialUpdate":false,"showSkybox":false,"showFlares":false,"showImageEffects":false,"showParticleSystems":false},"in2DMode":false,"pivot":{"x":-56.79743194580078,"y":42.14078140258789,"z":-162.512939453125},"rotation":{"x":-0.22798696160316468,"y":0.24599428474903108,"z":-0.0596528984606266,"w":-0.9401900768280029},"size":107.98973846435547,"orthographic":false}